parent_id,position,aoe_budget,blast_radius_multiplier,burst_target_count,capacity_cost,damage_multiplier,fire_rate_multiplier,health_multiplier,id,kind,large_target_damage_multiplier,name,range_multiplier,scale_multiplier,spawn_multiplier,speed_multiplier,suppression_cooldown,suppression_delay,suppression_radius,turn_multiplier,unlock_node,warmup_damage_multiplier,warmup_seconds
root,0,1.0,,1,1,1.0,1.0,1.0,K1,interceptor,,雨燕拦截机,1.0,1.0,1.0,1.0,,,0.0,1.0,,,0.0
root,1,1.0,,3,2,1.8,0.9,1.5,K2,interceptor,,扫荡机,1.0,1.18,1.65,0.83,,,0.0,0.75,K_N1,,0.0
root,2,1.0,,1,2,3.0,0.55,0.9,K3,interceptor,,猎隼机,1.45,1.15,1.8,1.12,,,0.0,1.1,K_N2,,0.0
root,3,1.0,,1,1,1.0,1.0,1.0,M1,missile,,破甲导弹机,1.0,1.0,1.0,1.0,,,0.0,1.0,M_N1,,0.0
root,4,1.8,1.65,1,2,1.45,0.7,1.6,M2,missile,,震荡轰击机,1.0,1.25,1.8,0.75,,,0.0,0.8,M_N2,,0.0
root,5,1.0,,1,2,3.5,0.45,1.8,M3,missile,1.75,破城鱼雷机,1.5,1.3,2.1,0.65,,,0.0,0.7,M_N3,,1.4
root,6,1.0,,1,1,1.0,1.0,1.0,L1,laser,,辉光激光机,1.0,1.0,1.0,1.0,,,0.0,1.0,L_N1,,0.0
root,7,1.0,,1,2,2.2,0.65,1.25,L2,laser,,灼盾长矛机,1.35,1.25,1.9,0.75,,,0.0,0.65,L_N2,1.65,2.0
root,8,1.0,,1,2,0.45,0.8,1.65,L3,laser,,光脉冲压制机,1.0,1.2,1.8,0.9,3.0,0.5,1.8,1.0,L_N3,,0.0
